{"cameraMode":{"drawMode":0,"name":"Shaded","section":"Shading Mode"},"sceneLighting":false,"audioPlay":false,"sceneViewState":{"showFog":true,"showMaterialUpdate":false,"showSkybox":true,"showFlares":true,"showImageEffects":true,"showParticleSystems":true},"in2DMode":false,"pivot":{"x":-20.0,"y":9.979999542236329,"z":2.440000057220459},"rotation":{"x":0.0007250532507896423,"y":0.9610219597816467,"z":0.002528159646317363,"w":-0.2764597535133362},"size":34.018123626708987,"orthographic":false}