{"cameraMode":{"drawMode":0,"name":"Shaded","section":"Shading Mode"},"sceneLighting":false,"audioPlay":false,"sceneViewState":{"showFog":true,"showMaterialUpdate":false,"showSkybox":true,"showFlares":true,"showImageEffects":true,"showParticleSystems":true},"in2DMode":false,"pivot":{"x":8.553930282592774,"y":3.0933375358581545,"z":-18.623865127563478},"rotation":{"x":0.18449091911315919,"y":-0.4994441270828247,"z":0.10978115350008011,"w":0.8393251895904541},"size":3.369596242904663,"orthographic":false}