{"cameraMode":{"drawMode":0,"name":"Shaded","section":"Shading Mode"},"sceneLighting":false,"audioPlay":false,"sceneViewState":{"showFog":true,"showMaterialUpdate":false,"showSkybox":true,"showFlares":true,"showImageEffects":true,"showParticleSystems":true},"in2DMode":false,"pivot":{"x":-3.690000057220459,"y":0.5,"z":7.570000171661377},"rotation":{"x":0.16742099821567536,"y":0.04161549732089043,"z":-0.007074481341987848,"w":0.9849814176559448},"size":1.4289418458938599,"orthographic":false}